{
  "editor:toggle-comments": [
    {
      "modifiers": [
        "Mod",
        "Shift"
      ],
      "key": "7"
    }
  ],
  "editor:toggle-code": [
    {
      "modifiers": [
        "Mod",
        "Shift"
      ],
      "key": "`"
    }
  ],
  "editor:set-heading-1": [
    {
      "modifiers": [
        "Mod"
      ],
      "key": "1"
    }
  ],
  "editor:set-heading-2": [
    {
      "modifiers": [
        "Mod"
      ],
      "key": "2"
    }
  ],
  "editor:set-heading-3": [
    {
      "modifiers": [
        "Mod"
      ],
      "key": "3"
    }
  ],
  "editor:set-heading-4": [
    {
      "modifiers": [
        "Mod"
      ],
      "key": "4"
    }
  ],
  "editor:set-heading-5": [
    {
      "modifiers": [
        "Mod"
      ],
      "key": "5"
    }
  ],
  "editor:set-heading-6": [
    {
      "modifiers": [
        "Mod"
      ],
      "key": "6"
    }
  ],
  "editor:toggle-bullet-list": [
    {
      "modifiers": [
        "Mod"
      ],
      "key": "L"
    }
  ],
  "editor:cycle-list-checklist": [
    {
      "modifiers": [
        "Alt",
        "Mod",
        "Shift"
      ],
      "key": "L"
    }
  ],
  "editor:toggle-numbered-list": [
    {
      "modifiers": [
        "Mod",
        "Shift"
      ],
      "key": "L"
    }
  ],
  "editor:toggle-blockquote": [
    {
      "modifiers": [
        "Mod",
        "Shift"
      ],
      "key": "B"
    }
  ],
  "app:delete-file": [],
  "obsidian-editor-shortcuts:deleteLine": [
    {
      "modifiers": [
        "Mod"
      ],
      "key": "E"
    }
  ],
  "obsidian-editor-shortcuts:duplicateLine": [
    {
      "modifiers": [
        "Mod"
      ],
      "key": "D"
    }
  ],
  "markdown:toggle-preview": [],
  "editor:delete-paragraph": [],
  "obsidian-editor-shortcuts:selectWordOrNextOccurrence": [],
  "obsidian-editor-shortcuts:selectLine": [],
  "obsidian-editor-shortcuts:insertLineBelow": [],
  "editor:swap-line-down": [
    {
      "modifiers": [
        "Alt",
        "Mod",
        "Shift"
      ],
      "key": "ArrowDown"
    }
  ],
  "editor:swap-line-up": [
    {
      "modifiers": [
        "Alt",
        "Mod",
        "Shift"
      ],
      "key": "ArrowUp"
    }
  ],
  "editor:toggle-source": [
    {
      "modifiers": [
        "Mod"
      ],
      "key": "R"
    }
  ]
}