{
  "main": {
    "id": "05bb9782af067736",
    "type": "split",
    "children": [
      {
        "id": "c1d97816d05f8d1d",
        "type": "tabs",
        "children": [
          {
            "id": "9366ceb38bcc6081",
            "type": "leaf",
            "state": {
              "type": "markdown",
              "state": {
                "file": "Next-Steps.md",
                "mode": "source",
                "source": true
              }
            }
          },
          {
            "id": "52c315a3eb4efd62",
            "type": "leaf",
            "state": {
              "type": "markdown",
              "state": {
                "file": "collections/others/Pied Piper of Hamelin.md",
                "mode": "source",
                "source": true
              }
            }
          }
        ],
        "currentTab": 1
      }
    ],
    "direction": "vertical"
  },
  "left": {
    "id": "175118dcfa9af6d8",
    "type": "split",
    "children": [
      {
        "id": "903e7dd5b5bff5a0",
        "type": "tabs",
        "children": [
          {
            "id": "8b4c5df5a2dac06f",
            "type": "leaf",
            "state": {
              "type": "file-explorer",
              "state": {
                "sortOrder": "alphabetical"
              }
            }
          },
          {
            "id": "79be10734fd41f53",
            "type": "leaf",
            "state": {
              "type": "search",
              "state": {
                "query": "method",
                "matchingCase": false,
                "explainSearch": false,
                "collapseAll": false,
                "extraContext": false,
                "sortOrder": "alphabetical"
              }
            }
          },
          {
            "id": "71303d797ccf0e48",
            "type": "leaf",
            "state": {
              "type": "starred",
              "state": {}
            }
          }
        ]
      }
    ],
    "direction": "horizontal",
    "width": 204.5
  },
  "right": {
    "id": "024f06f990867471",
    "type": "split",
    "children": [
      {
        "id": "592e5f5039f26a45",
        "type": "tabs",
        "children": [
          {
            "id": "e4f503f6c45dc65f",
            "type": "leaf",
            "state": {
              "type": "backlink",
              "state": {
                "file": "collections/others/Pied Piper of Hamelin.md",
                "collapseAll": false,
                "extraContext": false,
                "sortOrder": "alphabetical",
                "showSearch": false,
                "searchQuery": "",
                "backlinkCollapsed": false,
                "unlinkedCollapsed": true
              }
            }
          },
          {
            "id": "c4767e728d5400f9",
            "type": "leaf",
            "state": {
              "type": "outgoing-link",
              "state": {
                "file": "collections/others/Pied Piper of Hamelin.md",
                "linksCollapsed": false,
                "unlinkedCollapsed": true
              }
            }
          },
          {
            "id": "e74d872a5de9bdb0",
            "type": "leaf",
            "state": {
              "type": "tag",
              "state": {
                "sortOrder": "frequency",
                "useHierarchy": true
              }
            }
          },
          {
            "id": "32b379addc82d72d",
            "type": "leaf",
            "state": {
              "type": "outline",
              "state": {
                "file": "collections/others/Pied Piper of Hamelin.md"
              }
            }
          }
        ]
      }
    ],
    "direction": "horizontal",
    "width": 300,
    "collapsed": true
  },
  "left-ribbon": {
    "hiddenItems": {
      "switcher:Open quick switcher": false,
      "graph:Open graph view": false,
      "canvas:Create new canvas": false,
      "daily-notes:Open today's daily note": false,
      "templates:Insert template": false,
      "command-palette:Open command palette": false
    }
  },
  "active": "52c315a3eb4efd62",
  "lastOpenFiles": [
    "Next-Steps.md",
    "collections/others/Pied Piper of Hamelin.md",
    "diary/2023-03-10 A New Hope.md",
    "diary/2023-03-08 Application Therapy Session with Kathrin.md",
    "diary/2023-03-06 The Description.md",
    "diary/2023-03-04 The TODOs.md",
    "diary/2023-03-02 The Struggle.md",
    "diary/2023-02-24 The Thes.md",
    "methods+concepts/Place-as-a-Method.md",
    "abstact-drafts/Abstract--DPP.md",
    "diary/2023-02-14.md",
    "diary/2023-01-21.md",
    "diary/2022-12-09.md",
    "methods+concepts/Critical-Design-Ethnography.md",
    "collections/Keywords.md",
    "methods+concepts/Autoethnography.md",
    "methods+concepts/Citizen-Music.md",
    "methods+concepts/Critical-Making.md",
    "current/criticalinstruments-abstract.md",
    "applications/volkswagenstiftung/Project-outline-for-pioneering-projects-–-Societal-Transformations.md",
    "current/criticalinstruments-VWSt-abstract.md",
    "collections/Funding.md",
    "applications/FuE--critical-instruments--2023.04.md",
    "collections/others/Hackers & Designers.md",
    "collections/others/Links.md",
    "current/criticalinstruments-abstract copy.md",
    "current",
    "untitled folder",
    "resources/2023-02-23--conversation.jpeg",
    "methods+concepts/Place-as-a-Method.md.sb-a2fb86f8-ArO5bm",
    "applications/bremenfonds2022",
    "applications/volkswagenstiftung",
    "volkswagenstiftung",
    "applications/fue-klangstrom/Antrag FuE-Vorhaben -- Klangstrom.pdf",
    "applications/fue-klangstrom/Antrag FuE-Vorhaben -- Klangstrom -- Anhang + Appendix.pdf",
    "applications/fue-klangstrom",
    "fue-klangstrom",
    "resources/2022-12-09--map.jpg"
  ]
}